EbN0_dB,BER
0.0,0.2651833333333333
4.0,0.18178333333333332
8.0,0.08143333333333333
12.0,0.01485
16.0,0.00035666666666666664
20.0,4.468505628598436e-08
