EbN0_dB,BER
0.0,0.3708282766990291
8.0,0.25743325242718446
16.0,0.09579793689320389
20.0,0.05290503640776699
