EbN0_dB,BER
0.0,0.3687297734627832
8.0,0.2624393203883495
16.0,0.09517849919093851
20.0,0.055787317961165046
