EbN0_dB,BER
0.0,0.2879247572815534
8.0,0.11994336569579288
16.0,0.0018709546925566342
20.0,2.755217409343623e-06
