EbN0_dB,BER
0.0,0.26411666666666667
4.0,0.1811
8.0,0.08361666666666667
12.0,0.0144
16.0,0.00028
20.0,4.9853372434017594e-08
