EbN0_dB,BER
0.0,0.29308252427184467
8.0,0.11787014563106796
16.0,0.002060578478964401
20.0,2.567822107605178e-06
